Time,ValueTrading,VolumeTrading,Symbol
2024-11-14,13.1,0,ABR
2024-11-14,3.89,"197,200",ABS
2024-11-14,39.8,"5,300",ABT
2024-11-14,24.55,"5,795,300",ACB
2024-11-14,13.8,"225,300",ACC
2024-11-14,40.4,"6,900",ACG
2024-11-14,11.85,"4,400",ACL
2024-11-14,10.5,900,ADG
2024-11-14,28.8,600,ADP
2024-11-14,9.0,"128,600",ADS
2024-11-14,15.3,"150,700",AGG
2024-11-14,3.36,"160,700",AGM
2024-11-14,17.05,"932,800",AGR
2024-11-14,18.15,"2,525,000",ANV
2024-11-14,9.2,"92,100",APG
2024-11-14,6.28,"583,000",APH
2024-11-14,18.8,"2,000",ASG
2024-11-14,8.82,"1,035,700",ASM
2024-11-14,4.06,"2,300",ASP
2024-11-14,54.7,"5,700",AST
2024-11-14,22.6,"2,155,500",BAF
2024-11-14,50.0,900,BBC
2024-11-14,6.3,"479,800",BCE
2024-11-14,6.2,"5,499,300",BCG
2024-11-14,68.6,"761,600",BCM
2024-11-14,39.3,"818,000",BFC
2024-11-14,39.0,500,BHN
2024-11-14,32.55,"13,100",BIC
2024-11-14,45.5,"1,998,500",BID
2024-11-14,3.33,"48,300",BKG
2024-11-14,20.3,"108,100",BMC
2024-11-14,20.2,"40,600",BMI
2024-11-14,123.5,"238,400",BMP
2024-11-14,13.7,"50,100",BRC
2024-11-14,44.45,"752,600",BSI
2024-11-14,12.15,"7,800",BTP
2024-11-14,35.0,0,BTT
2024-11-14,44.35,"209,000",BVH
2024-11-14,44.6,"89,700",BWE
2024-11-14,17.4,"15,200",C32
2024-11-14,6.05,"5,900",C47
2024-11-14,21.4,0,CCI
2024-11-14,7.53,"278,400",CCL
2024-11-14,17.5,"1,159,000",CDC
2024-11-14,33.35,"46,900",CHP
2024-11-14,8.31,"413,900",CIG
2024-11-14,14.1,"2,282,600",CII
2024-11-14,24.8,"5,800",CKG
2024-11-14,48.95,"23,200",CLC
2024-11-14,37.8,"1,000",CLL
2024-11-14,45.45,100,CLW
2024-11-14,57.0,"2,624,800",CMG
2024-11-14,9.1,0,CMV
2024-11-14,7.88,"253,200",CMX
2024-11-14,31.6,"38,700",CNG
2024-11-14,33.45,"1,000",COM
2024-11-14,6.7,"111,900",CRC
2024-11-14,6.85,"62,200",CRE
2024-11-14,12.7,"632,100",CSM
2024-11-14,39.1,"2,927,500",CSV
2024-11-14,66.3,"1,158,200",CTD
2024-11-14,27.0,"175,300",CTF
2024-11-14,33.6,"5,270,200",CTG
2024-11-14,16.25,"424,800",CTI
2024-11-14,132.9,"1,261,600",CTR
2024-11-14,35.7,"1,115,300",CTS
2024-11-14,24.65,"1,500",CVT
2024-11-14,31.4,"57,200",D2D
2024-11-14,3.07,"59,000",DAH
2024-11-14,7.45,0,DAT
2024-11-14,26.75,"7,010,200",DBC
2024-11-14,48.25,"76,300",DBD
2024-11-14,11.9,"58,100",DBT
2024-11-14,12.1,"294,700",DC4
2024-11-14,26.6,"195,800",DCL
2024-11-14,37.4,"4,227,000",DCM
2024-11-14,116.3,"1,795,200",DGC
2024-11-14,42.3,"1,106,900",DGW
2024-11-14,40.35,"21,200",DHA
2024-11-14,34.6,"54,200",DHC
2024-11-14,102.7,"3,600",DHG
2024-11-14,8.79,"9,300",DHM
2024-11-14,20.15,"4,238,900",DIG
2024-11-14,1.87,"1,077,500",DLG
2024-11-14,66.7,0,DMC
2024-11-14,52.6,"525,400",DPG
2024-11-14,34.15,"3,113,300",DPM
2024-11-14,38.05,"209,200",DPR
2024-11-14,12.6,"4,200",DQC
2024-11-14,27.2,"593,500",DRC
2024-08-15,2.37,"470,900",DRH
2024-11-14,60.3,"7,300",DRL
2024-11-14,18.8,"90,600",DSC
2024-11-14,23.2,"156,900",DSE
2024-11-14,54.6,"10,400",DSN
2024-11-14,4.1,"25,300",DTA
2024-11-14,10.35,"1,400",DTL
2024-11-14,19.95,"3,600",DTT
2024-11-14,77.4,"4,500",DVP
2024-11-14,16.0,"9,343,000",DXG
2024-11-14,6.73,"2,370,500",DXS
2024-11-14,4.26,"11,300",DXV
2024-11-14,22.75,"292,900",E1VFVN30
2024-11-14,18.55,"2,130,200",EIB
2024-11-14,27.0,"965,400",ELC
2024-11-14,10.5,"34,800",EVE
2024-11-14,10.6,"5,576,200",EVF
2024-11-14,5.9,"1,040,200",EVG
2024-11-14,3.25,"30,700",FCM
2024-11-14,12.5,"184,500",FCN
2024-11-14,16.0,0,FDC
2024-11-14,4.62,"183,100",FIR
2024-11-14,4.2,"1,098,200",FIT
2024-11-14,46.6,"130,600",FMC
2024-11-14,136.0,"4,736,300",FPT
2024-11-14,166.0,"428,300",FRT
2024-11-14,41.5,"2,434,500",FTS
2024-11-14,14.3,0,FUCTVGF3
2024-11-14,14.2,0,FUCTVGF4
2024-11-14,11.35,0,FUCTVGF5
2024-11-14,5.69,400,FUCVREIT
2024-11-14,10.1,0,FUEABVND
2024-11-14,12.51,0,FUEBFVND
2024-11-14,11.55,"12,200",FUEDCMID
2024-11-14,11.82,"4,900",FUEFCV50
2024-11-14,8.5,500,FUEIP100
2024-11-14,8.61,"12,900",FUEKIV30
2024-11-14,12.53,0,FUEKIVFS
2024-12-12,--,0,FUEKIVND
2024-11-14,15.5,"11,400",FUEMAV30
2024-11-14,13.62,0,FUEMAVND
2024-11-14,16.22,"10,900",FUESSV30
2024-11-14,19.35,"23,400",FUESSV50
2024-11-14,20.75,"69,700",FUESSVFL
2024-11-14,32.15,"555,900",FUEVFVND
2024-11-14,17.3,"98,100",FUEVN100
2024-11-14,69,"543,800",GAS
2024-11-14,28.6,"23,900",GDT
2024-11-14,33,"7,500",GEE
2024-11-14,10.75,"187,200",GEG
2024-11-14,18.2,"12,476,800",GEX
2024-11-14,21,"1,322,800",GIL
2024-11-14,8.01,"1,000",GMC
2024-11-14,66.6,"2,481,700",GMD
2024-11-14,8.15,200,GMH
2024-11-14,13,"167,000",GSP
2024-11-14,10.3,600,GTA
2024-11-14,31.5,"2,776,900",GVR
2024-11-14,11.75,"17,860,500",HAG
2024-11-14,48,"5,261,500",HAH
2024-11-14,4.29,"52,500",HAP
2024-11-14,3.3,"120,100",HAR
2024-11-14,8.2,0,HAS
2024-11-14,16.05,"1,029,400",HAX
2024-11-14,8.75,"84,000",HCD
2024-11-14,27.1,"9,896,500",HCM
2024-11-14,25.25,"7,753,800",HDB
2024-11-14,25.35,"1,800,200",HDC
2024-11-14,27.85,"3,433,800",HDG
2024-11-14,9,"202,000",HHP
2024-11-14,7.19,"509,000",HHS
2024-11-14,11,"2,918,100",HHV
2024-11-14,2.7,"20,700",HID
2024-11-14,4.43,"115,000",HII
2024-11-14,10.95,"10,800",HMC
2024-11-14,25.8,"3,900",HNA
2024-11-14,26.3,"26,564,300",HPG
2024-11-14,4.7,"1,412,400",HPX
2024-11-14,3.13,"1,672,900",HQC
2024-11-14,41.4,0,HRC
2024-11-14,19.1,"12,265,500",HSG
2024-11-14,4.17,"39,700",HSL
2024-11-14,11.75,"212,600",HT1
2024-11-14,45.8,"34,300",HTG
2024-11-14,16.05,"4,800",HTI
2024-11-14,28.85,"17,100",HTL
2024-11-14,7.56,"231,700",HTN
2024-11-14,9.3,400,HTV
2024-11-14,6.5,"12,200",HU1
2024-11-14,18.5,"18,700",HUB
2024-11-14,8.28,"592,800",HVH
2024-11-14,26.25,"3,981,700",HVN
2024-11-14,2.49,"9,000",HVX
2024-11-14,12.8,"221,600",ICT
2024-11-14,8.38,"648,000",IDI
2024-11-14,13.3,"764,300",IJC
2024-11-14,32.5,"1,500",ILB
2024-11-14,42.8,"55,700",IMP
2024-08-27,3.73,"620,300",ITA
2024-11-14,10.7,"165,400",ITC
2024-11-14,13.8,"89,300",ITD
2024-11-14,3.15,"144,500",JVC
2024-11-14,28.65,"7,495,500",KBC
2024-11-14,50.2,"582,800",KDC
2024-11-14,33.35,"1,608,200",KDH
2024-11-14,5.26,"2,820,100",KHG
2024-11-14,12.65,"133,900",KHP
2024-11-14,3.22,"8,700",KMR
2024-11-14,38.55,"346,800",KOS
2024-11-14,1.72,"194,100",KPF
2024-11-14,17.8,"1,101,000",KSB
2024-11-14,21.6,0,L10
2024-11-14,17.9,"16,300",LAF
2024-11-14,27.15,"10,700",LBM
2024-11-14,10.05,"1,324,800",LCG
2024-11-14,1.88,"1,070,000",LDG
2024-08-15,6.2,200,LEC
2024-11-14,62,100,LGC
2024-11-14,2.46,"8,200",LGL
2024-11-14,37.8,"357,300",LHG
2024-11-14,33.05,"14,200",LIX
2024-11-14,14.3,"2,700",LM8
2024-11-14,31.4,"957,600",LPB
2024-11-14,11.65,"317,800",LSS
2024-11-14,23.8,"8,429,800",MBB
2024-11-14,34.9,"32,300",MCM
2024-11-14,28.5,"1,000",MCP
2024-11-14,11.95,100,MDG
2024-11-14,6.3,"9,800",MHC
2024-11-14,16.7,"134,800",MIG
2024-11-14,11.6,"7,200,500",MSB
2024-11-14,52,"549,300",MSH
2024-11-14,71.4,"4,521,100",MSN
2024-11-14,61.3,"4,481,400",MWG
2024-11-14,15.35,"1,052,600",NAB
2024-11-14,19.55,"480,500",NAF
2024-11-14,18.5,0,NAV
2024-11-14,24.65,"28,300",NBB
2024-11-14,113,"7,900",NCT
2024-11-14,25.5,"837,700",NHA
2024-11-14,13.5,"279,000",NHH
2024-11-14,11.1,500,NHT
2024-11-14,19.85,"6,654,100",NKG
2024-11-14,38.6,"639,600",NLG
2024-11-14,20.7,"31,400",NNC
2024-11-14,10.45,"751,900",NO1
2024-11-14,79.5,0,NSC
2024-11-14,18.6,"90,900",NT2
2024-11-14,18,"3,133,100",NTL
2024-11-14,10.8,"6,726,000",NVL
2024-11-14,7.84,300,NVT
2024-11-14,10.5,"3,213,200",OCB
2024-11-14,3.91,"151,000",OGC
2024-11-14,23,"2,400",OPC
2024-11-14,12.8,"6,185,500",ORS
2024-11-14,36.2,"6,500",PAC
2024-11-14,22.7,"1,509,000",PAN
2024-11-14,22.95,"1,635,700",PC1
2024-11-14,110.8,"1,400",PDN
2024-11-14,20.5,"4,580,600",PDR
2024-11-14,26.5,"1,283,800",PET
2024-11-14,15.1,"52,100",PGC
2024-11-14,32.95,200,PGD
2024-11-14,23,400,PGI
2024-11-14,19.25,"8,300",PGV
2024-11-14,5.51,"11,600",PHC
2024-11-14,56.2,"210,400",PHR
2024-11-14,5.28,800,PIT
2024-11-14,9.65,0,PJT
2024-11-14,4.49,"13,400",PLP
2024-11-14,38.95,"867,400",PLX
2024-11-14,8.4,0,PMG
2024-11-14,18.4,0,PNC
2024-11-14,93,"383,300",PNJ
2024-11-14,11.5,"5,168,600",POW
2024-11-14,11.3,"170,700",PPC
2024-11-14,3.85,"1,545,100",PSH
2024-11-14,62.2,"296,900",PTB
2024-11-14,4.68,"1,800",PTC
2024-11-14,2.65,"19,900",PTL
2024-11-14,23.2,"2,559,800",PVD
2024-11-14,16.25,"332,100",PVP
2024-11-14,27.9,"3,284,900",PVT
2024-11-14,13.1,"1,085,700",QCG
2024-11-14,36,"2,400",QNP
2024-11-14,125.8,"17,900",RAL
2024-10-31,1.85,"172,600",RDP
2024-11-14,65,"527,300",REE
2024-11-14,41.2,100,S4A
2024-11-14,56.1,"298,700",SAB
2024-11-14,6.44,"294,100",SAM
2024-11-14,20.4,"19,900",SAV
2024-11-14,29.8,"44,600",SBA
2024-11-14,10.15,"120,100",SBG
2024-11-14,12.2,"1,055,700",SBT
2024-11-14,10.2,100,SBV
2024-11-14,21,"1,600",SC5
2024-11-14,5.12,"1,076,200",SCR
2024-11-14,80,"322,800",SCS
2024-11-14,24.9,"1,800",SFC
2024-11-14,10.7,"64,300",SFG
2024-11-14,31.15,"4,100",SFI
2024-11-14,77.5,"6,700",SGN
2024-11-14,39.6,"133,000",SGR
2024-11-14,15.1,"41,000",SGT
2024-11-14,4.19,"19,700",SHA
2024-11-14,10.35,"9,471,300",SHB
2024-11-14,14.6,"101,300",SHI
2024-11-14,35.2,"1,000",SHP
2024-11-14,82,"405,300",SIP
2024-11-14,16.6,"332,600",SJD
2024-11-14,61.8,"4,900",SJS
2024-11-14,10.7,"96,500",SKG
2024-11-14,10.75,0,SMA
2024-11-14,38.9,"23,500",SMB
2024-11-14,6.69,"226,600",SMC
2024-11-14,10.6,300,SPM
2024-11-14,27.25,600,SRC
2024-11-14,8.41,"5,000",SRF
2024-11-14,16.75,"1,872,500",SSB
2024-11-14,38,0,SSC
2024-11-14,24.7,"12,754,600",SSI
2024-11-14,7.5,"380,600",ST8
2024-11-14,32.5,"9,004,900",STB
2024-11-14,41.1,0,STG
2024-11-14,25.05,"64,400",STK
2024-11-14,23.9,200,SVC
2024-11-14,3.25,"49,200",SVD
2024-11-14,62.5,0,SVI
2024-11-14,11.4,200,SVT
2024-11-14,41.3,"2,997,000",SZC
2024-11-14,42,"6,600",SZL
2024-11-14,40,"1,800",TBC
2024-11-14,22.8,"7,429,400",TCB
2024-11-14,4.63,"824,200",TCD
2024-11-14,14.5,"3,426,400",TCH
2024-11-14,7.98,"44,100",TCI
2024-11-14,34.75,"10,800",TCL
2024-11-14,46.9,"2,194,400",TCM
2024-11-14,19.9,"215,600",TCO
2024-11-14,3.55,800,TCR
2024-11-14,16.5,"1,400",TCT
2024-11-14,9.95,"296,100",TDC
2024-11-14,3.72,"22,200",TDG
2024-11-14,2.44,"290,500",TDH
2024-11-14,49.5,"1,100",TDM
2024-11-14,33.4,"90,800",TDP
2024-11-14,47,0,TDW
2024-11-14,8.39,"3,800",TEG
2024-11-14,43.6,"4,900",THG
2024-11-14,22.45,"149,100",TIP
2024-11-14,36,"3,000",TIX
2024-11-14,5.84,"118,000",TLD
2024-11-14,56.5,"293,900",TLG
2024-11-14,4.7,"195,300",TLH
2024-11-14,68.5,200,TMP
2024-11-14,43,"1,700",TMS
2024-11-14,6.8,"30,500",TMT
2024-11-14,10.5,200,TN1
2024-11-14,34.1,0,TNC
2024-11-14,20.7,"1,078,300",TNH
2024-11-14,2.26,"83,700",TNI
2024-11-14,4.33,"395,300",TNT
2024-11-14,15.75,"10,651,400",TPB
2024-11-14,6.3,0,TPC
2024-11-14,76.5,800,TRA
2024-11-14,46.8,"120,700",TRC
2024-11-14,2.47,"562,400",TSC
2024-11-14,10.2,"2,099,000",TTA
2024-11-14,33.25,800,TTE
2024-11-14,3.12,"736,500",TTF
2024-11-14,31,"415,600",TV2
2024-11-14,8.9,"48,300",TVB
2024-11-14,20.9,"80,700",TVS
2024-11-14,15.9,400,TVT
2024-11-14,14.2,0,TYA
2024-11-14,41.5,500,UIC
2024-11-14,15,0,VAF
2024-11-14,8.6,0,VCA
2024-11-14,92,"1,719,700",VCB
2024-11-14,213.3,300,VCF
2024-11-14,17.2,"1,885,700",VCG
2024-11-14,32.95,"12,275,300",VCI
2024-11-14,34,100,VDP
2024-11-14,18.45,"1,435,500",VDS
2024-11-14,87.6,"22,100",VFG
2024-11-14,43.3,"3,523,800",VGC
2024-11-14,73.8,"1,255,500",VHC
2024-11-14,40.35,"16,947,200",VHM
2024-11-14,18.2,"8,002,200",VIB
2024-11-14,40.7,"1,968,300",VIC
2024-11-14,5.29,600,VID
2024-11-14,14,"428,300",VIP
2024-11-14,9.92,"20,729,900",VIX
2024-11-14,103.3,"665,000",VJC
2024-11-14,18.8,800,VMD
2024-11-14,14,"7,889,000",VND
2024-11-14,3.7,"39,300",VNE
2024-11-14,7.95,"4,200",VNG
2024-11-14,16.15,"4,600",VNL
2024-11-14,65,"1,779,900",VNM
2024-11-14,10.25,"3,400",VNS
2024-11-14,16.8,"5,766,500",VOS
2024-11-14,19,"12,405,400",VPB
2024-11-14,26.95,"2,400",VPD
2024-11-14,12.35,"286,500",VPG
2024-11-14,7.1,"124,100",VPH
2024-11-14,57.2,"1,276,500",VPI
2024-11-14,8.75,"2,100",VPS
2024-11-14,8.58,"46,700",VRC
2024-11-14,18.1,"11,403,800",VRE
2024-11-14,17.9,"14,992,300",VSC
2024-11-14,50.7,"4,100",VSH
2024-11-14,17.5,600,VSI
2024-11-14,10.4,"14,300",VTB
2024-11-14,13.4,"890,600",VTO
2024-11-14,114.5,"788,300",VTP
2024-11-14,11,0,YBM
2024-11-14,11.6,"2,668,800",YEG
2024-11-18,6.1,"590,019",AAV
2024-11-18,20,127,ADC
2024-11-18,13.3,100,ALT
2024-11-18,16.9,100,AMC
2024-11-18,5,0,AME
2024-11-18,1.6,0,AMV
2024-11-18,7.2,"370,881",API
2024-11-18,6.4,"288,179",APS
2024-11-18,29.7,0,ARM
2024-11-14,12.9,200,ATS
2024-11-14,11.8,"6,515",BAB
2024-11-14,39.9,405,BAX
2024-11-14,9.4,"2,500",BBS
2024-11-14,7.7,"49,902",BCC
2024-11-14,40,11,BCF
2024-11-14,8.7,0,BDB
2024-11-14,30.8,0,BED
2024-11-14,10.7,"3,100",BKC
2024-11-14,9.8,"91,306",BNA
2024-11-14,9.2,"9,400",BPC
2024-11-14,14.6,0,BSC
2024-11-14,13.5,"2,500",BST
2024-11-14,5.1,"6,911",BTS
2024-11-14,39.6,23,BTW
2024-11-14,38.8,"763,085",BVS
2024-11-14,15.5,100,BXH
2024-11-14,6.5,"184,735",C69
2024-11-14,7.3,"6,802",CAG
2024-11-14,49.5,300,CAN
2024-11-14,44.5,"16,906",CAP
2024-11-14,19.9,800,CAR
2024-11-14,13.8,800,CCR
2024-11-14,30.9,"1,500",CDN
2024-11-14,14.5,"2,856,370",CEO
2024-11-14,4.9,100,CET
2024-11-14,9.4,"7,100",CIA
2024-11-14,25.8,0,CJC
2024-11-14,12.9,500,CKV
2024-11-14,22,600,CLH
2024-11-14,74.3,0,CLM
2024-11-14,6.7,21,CMC
2024-11-14,10.4,"80,844",CMS
2024-11-14,17.9,800,CPC
2024-11-14,25.4,"32,553",CSC
2024-11-14,21.3,0,CTB
2024-11-14,1.3,0,CTC
2024-11-14,35.4,"51,743",CTP
2024-11-14,16.5,0,CTT
2024-11-14,1.9,0,CVN
2024-11-14,6.8,0,CX8
2024-11-14,10.6,"4,092",D11
2024-11-14,19.5,300,DAD
2024-11-14,15.5,"3,000",DAE
2024-11-14,6.9,"16,277",DC2
2024-11-14,2.9,"159,436",DDG
2024-11-14,11.3,400,DHP
2024-11-14,69.2,"32,300",DHT
2024-11-14,15.2,"15,845",DIH
2024-11-14,6,"341,181",DL1
2024-11-14,77.2,200,DNC
2024-11-14,21,"52,700",DNP
2024-11-14,58,"5,901",DP3
2024-11-14,5.3,0,DS3
2024-11-14,3,"54,900",DST
2024-11-14,4.4,"13,789",DTC
2024-11-14,27,"1,575,563",DTD
2024-11-14,23.4,"4,400",DTG
2024-11-14,12.7,0,DTK
2024-11-14,8.3,"168,813",DVM
2024-11-14,12.1,"808,533",DXP
2024-11-14,10.8,300,EBS
2024-11-14,24.5,0,ECI
2024-11-14,27,"3,100",EID
2024-11-14,5.1,"72,780",EVS
2024-11-14,1.3,0,FID
2024-11-14,28,"1,000",GDW
2024-11-14,14.8,0,GIC
2024-11-14,6.3,"444,148",GKM
2024-11-14,29,"2,000",GLT
2024-11-14,53.6,0,GMA
2024-11-14,19,0,GMX
2024-11-14,15.5,0,HAD
2024-11-14,42.1,"1,142",HAT
2024-11-14,7.3,"42,908",HBS
2024-11-14,12.1,0,HCC
2024-11-14,9.6,0,HCT
2024-11-14,3.7,"48,600",HDA
2024-11-14,21.9,0,HEV
2024-11-14,145.5,"9,202",HGM
2024-11-14,111,"1,800",HHC
2024-11-14,32.9,0,HJS
2024-11-14,8.6,0,HKT
2024-11-14,12.1,100,HLC
2024-11-14,26.9,"7,600",HLD
2024-11-14,13.9,20,HMH
2024-11-14,10.7,"6,822",HMR
2024-11-14,3.7,"15,202",HOM
2024-11-14,31.5,"1,600",HTC
2024-11-14,16.2,"1,755,712",HUT
2024-11-14,95,"33,021",HVT
2024-11-14,6.7,100,ICG
2024-11-14,56.4,"1,234,403",IDC
2024-11-14,5.9,"1,730,558",IDJ
2024-11-14,37.4,"15,500",IDV
2024-11-14,33.3,500,INC
2024-11-14,54.9,"5,000",INN
2024-11-14,12.9,"72,903",IPA
2024-11-14,2.7,"26,901",ITQ
2024-11-14,9.6,"59,300",IVS
2024-11-14,16.2,200,KDM
2024-11-14,11.7,"1,500",KHS
2024-11-14,6.1,0,KKC
2024-11-14,8.9,0,KMT
2024-11-14,4.6,0,KSD
2024-11-14,40.4,"19,211",KSF
2024-11-14,2.8,"12,900",KSQ
2024-11-14,11,0,KST
2024-11-14,50.6,"27,939",KSV
2024-11-14,42.8,0,KTS
2024-11-14,2.3,0,KTT
2024-11-14,26.3,"51,903",L14
2024-11-14,37.9,"23,202",L18
2024-11-14,39,"2,800",L40
2024-11-14,22,"1,117,428",LAS
2024-11-14,22.1,600,LBE
2024-11-14,21.7,0,LCD
2024-11-14,13,"1,312",LDP
2024-11-14,72.8,"64,801",LHC
2024-11-14,2.9,"386,912",LIG
2024-11-14,23.5,"3,000",MAC
2024-11-14,35,0,MAS
2024-11-14,3.1,"218,407",MBG
2024-11-14,27.3,"2,705,357",MBS
2024-11-14,12,0,MCC
2024-11-14,8.7,0,MCF
2024-11-14,9.9,"29,026",MCO
2024-11-14,9.8,"13,600",MDC
2024-11-14,26.1,0,MED
2024-11-14,6.6,"17,300",MEL
2024-11-14,9.2,200,MKV
2024-11-14,5.5,"1,649,242",MST
2024-11-14,19.4,0,MVB
2024-11-14,11,"229,450",NAG
2024-11-14,9.1,0,NAP
2024-11-14,9,"17,912",NBC
2024-11-14,12.2,0,NBP
2024-11-14,27,"4,300",NBW
2024-11-14,8.9,"202,600",NDN
2024-11-14,5.3,"3,501",NDX
2024-11-14,80,718,NET
2024-11-14,18,0,NFC
2024-11-14,29.7,0,NHC
2024-11-14,4.2,"1,131,138",NRC
2024-11-14,4.7,"37,712",NSH
2024-11-14,10.9,0,NST
2024-11-14,58,500,NTH
2024-11-14,60.8,"892,735",NTP
2024-11-14,8.5,"98,116",NVB
2024-11-14,5.8,"13,600",OCH
2024-11-14,5.1,"12,501",ONE
2024-11-14,12.5,"3,300",PBP
2024-11-14,18.1,0,PCE
2024-11-14,7,500,PCG
2024-11-14,12,"97,727",PCH
2024-11-14,11.8,"8,580",PCT
2024-11-14,10.4,"5,300",PDB
2024-11-14,6.8,300,PEN
2024-11-14,11.3,"106,542",PGN
2024-11-14,31,900,PGS
2024-11-14,7.5,"14,746",PGT
2024-11-15,85,0,PHN
2024-11-15,26.8,0,PIA
2024-11-15,19.9,"1,100",PIC
2024-11-15,28.9,0,PJC
2024-11-15,21,"135,083",PLC
2024-11-15,9.5,1,PMB
2024-11-15,105,"1,232",PMC
2024-11-15,13.3,0,PMP
2024-11-15,31.2,"2,501",PMS
2024-11-15,15.8,"2,901",POT
2024-11-15,14.5,0,PPE
2024-11-15,18,0,PPP
2024-11-15,11.1,"1,800",PPS
2024-11-15,12.7,"91,200",PPT
2024-11-15,8.5,0,PPY
2024-11-15,19.4,100,PRC
2024-11-15,19,"15,207",PRE
2024-11-15,10.6,0,PSC
2024-11-15,12.9,"138,607",PSD
2024-11-15,9.7,"3,601",PSE
2024-11-15,6.8,"31,205",PSI
2024-11-15,8.2,"48,500",PSW
2024-11-15,9.1,101,PTD
2024-11-15,32,"1,937",PTI
2024-11-15,8,1,PTS
2024-08-29,16,"14,857",PTX
2024-11-15,2.3,"72,000",PV2
2024-11-15,26.4,"166,179",PVB
2024-11-15,10.3,"583,896",PVC
2024-11-15,6.7,"24,120",PVG
2024-11-06,48,"37,035",PVI
2024-11-06,38.1,"1,687,652",PVS
2024-11-06,34.2,0,QHD
2024-11-06,20.5,0,QST
2024-11-06,14.2,0,QTC
2024-11-06,12,"1,300",RCL
2024-11-06,58.5,0,S55
2024-11-06,7.9,"39,979",S99
2024-11-06,58.5,0,SAF
2024-11-06,64.9,"42,300",SCG
2024-11-06,8.2,"20,710",SCI
2024-11-06,7.8,"5,000",SD5
2024-11-06,11.9,"10,500",SD9
2024-11-06,5.2,"12,650",SDA
2024-11-06,7.5,100,SDC
2024-11-06,14.1,600,SDG
2024-11-06,32.2,100,SDN
2024-11-06,17.8,0,SDU
2024-11-06,48.5,50,SEB
2024-11-06,21.5,"3,600",SED
2024-11-06,20,0,SFN
2024-11-06,104.5,500,SGC
2024-11-06,12,100,SGD
2024-11-06,31.5,"246,100",SGH
2024-11-06,9.3,"4,000",SHE
2024-11-06,6.5,0,SHN
2024-11-06,14.2,"5,040,337",SHS
2024-11-06,9.8,"1,600",SJ1
2024-11-06,21.2,"40,040",SJE
2024-11-06,179.1,"2,224",SLS
2024-11-06,13.3,"6,600",SMN
2024-11-06,6,"2,500",SMT
2024-11-06,8.1,0,SPC
2024-11-06,2.7,0,SPI
2024-11-06,2.6,0,SRA
2024-11-06,5.6,0,SSM
2024-11-06,17,0,STC
2024-11-06,9.6,0,STP
2024-11-06,3.1,"2,352",SVN
2024-11-06,42,"8,900",SZB
2024-11-06,11.9,"33,013",TA9
2024-11-06,22.3,0,TBX
2024-11-06,6.8,"30,220",TDT
2024-11-06,31.4,10,TET
2024-11-06,34.8,"66,709",TFC
2024-11-06,12,0,THB
2024-11-06,35.3,218,THD
2024-11-06,10.6,0,THS
2024-11-06,11.9,"2,510",THT
2024-11-06,13.4,"1,059,604",TIG
2024-11-06,15.8,0,TJC
2024-11-06,2.4,0,TKG
2024-11-06,17.5,0,TKU
2024-11-06,64.7,"2,623",TMB
2024-11-06,7.7,"5,400",TMC
2024-11-06,9.3,100,TMX
2024-11-06,25.6,"3,576,250",TNG
2024-11-06,17.9,0,TOT
2024-11-06,17.1,100,TPH
2024-11-06,10.5,108,TPP
2024-11-06,43.2,200,TSB
2024-11-06,10.2,100,TTC
2024-11-06,2.8,"107,700",TTH
2024-11-06,8,0,TTL
2024-11-06,32,600,TTT
2024-11-06,12,"4,501",TV3
2024-11-06,14.2,"2,100",TV4
2024-11-06,10.8,"201,664",TVC
2024-11-06,10.5,"10,108",TVD
2024-11-06,4.4,"15,740",TXM
2024-11-06,6.9,"15,704",UNI
2024-11-06,13,0,V12
2024-11-06,6.2,"30,871",V21
2024-11-06,20.2,0,VBC
2024-11-06,9.9,0,VC1
2024-11-06,9.7,"563,762",VC2
2024-11-06,28.4,"609,453",VC3
2024-11-06,21,245,VC6
2024-11-06,8.7,"91,411",VC7
2024-11-06,4.8,142,VC9
2024-11-06,9.6,"2,300",VCC
2024-11-06,16,72,VCM
2024-11-06,62.9,"93,415",VCS
2024-11-06,12,0,VDL
2024-11-06,3.6,"23,501",VE1
2024-11-06,8,0,VE3
2024-11-06,259.4,0,VE4
2024-11-06,4.5,100,VE8
2024-11-06,15,"779,496",VFS
2024-11-06,28.6,"2,293",VGP
2024-11-06,34.5,"640,620",VGS
2024-11-06,3.2,"210,393",VHE
2024-11-06,9.6,"8,700",VHL
2024-11-06,16.1,400,VIF
2024-11-06,6.1,"46,301",VIG
2024-11-06,20,0,VIT
2024-11-06,14.3,100,VLA
2024-11-06,5.6,200,VMC
2024-11-06,20.9,"8,100",VMS
2024-11-06,40.1,24,VNC
2024-11-06,13.7,"29,936",VNF
2024-11-06,23.1,"8,500",VNR
2024-11-06,31.4,0,VNT
2024-11-06,23.3,"2,310",VSA
2024-11-06,19,2,VSM
2024-11-06,8.2,"2,610",VTC
2024-11-06,7.9,0,VTH
2024-11-06,4.8,0,VTJ
2024-11-06,4.9,"114,201",VTV
2024-11-06,16.5,"827,629",VTZ
2024-11-06,260,102,WCS
2024-11-06,4.9,"7,302",WSS
2024-11-06,10,0,X20
2024-11-14,25,"16,520",ABI
2024-11-14,8.5,"105,300",ABW
2024-11-14,35.7,5,ACE
2024-11-14,0.5,0,ACM
2024-11-14,7.7,"4,600",ACS
2024-11-14,118,"110,738",ACV
2024-11-14,7.3,"34,001",AFX
2024-11-15,10,0,AG1
2024-11-15,2.6,23,AGF
2024-11-15,38.5,"3,815",AGP
2024-11-15,74.1,0,AGX
2024-11-15,10.9,10,AIC
2024-11-15,58.6,"103,300",AIG
2024-11-15,5.7,"4,164",ALV
2024-11-15,1.1,0,AMD
2024-11-15,10.2,0,AMP
2024-11-15,9.6,"221,646",AMS
2024-11-15,23.5,"8,058",ANT
2024-11-15,6.6,0,APC
2024-11-15,51.9,"6,652",APF
2024-11-15,16.9,0,APL
2024-11-15,8.5,"13,213",APP
2024-11-15,2.7,"1,200",APT
2023-07-13,1.3,0,ART
2023-11-23,12.6,0,ASA
2024-11-15,0.4,"105,111",ATA
2024-11-15,0.6,"5,400",ATB
2024-11-15,2.4,"15,306",ATG
2024-11-15,56,"1,000",AVC
2023-11-23,0.5,0,AVF
2024-11-15,31.9,"25,900",AVG
2024-11-15,8.5,0,BAL
2024-11-15,14.8,400,BBH
2024-11-15,8.5,"1,470",BBM
2024-11-15,11.4,"2,302",BBT
2024-11-15,10.5,"12,301",BCA
2024-11-15,0.7,0,BCB
2024-11-15,11.7,0,BCP
2024-11-15,5.2,"1,102,438",BCR
2024-11-15,21.5,0,BCV
2024-11-15,33.6,"1,700",BDG
2024-11-15,7.3,"22,001",BDT
2024-11-15,24.3,0,BDW
2024-11-15,33,0,BEL
2024-11-15,10.7,"64,098",BGE
2024-11-15,16,0,BGW
2024-11-15,22.2,"1,700",BHA
2024-11-15,1.7,100,BHC
2024-11-15,11,0,BHG
2024-11-15,13.1,0,BHI
2024-11-15,21.8,0,BHK
2024-11-15,6.5,"2,100",BHP
2024-11-15,6.9,"62,300",BIG
2024-11-15,0.7,"211,200",BII
2024-11-15,14.8,200,BIO
2024-11-15,3.5,"17,300",BLF
2024-11-15,9.4,"4,600",BLI
2024-11-15,7.3,0,BLN
2024-11-15,38,"3,863",BLT
2024-11-15,9.6,0,BMD
2024-11-15,8.8,"1,500",BMF
2024-11-15,19.3,0,BMG
2024-11-15,10.9,0,BMJ
2024-11-15,8.6,0,BMN
2024-11-15,8.9,"113,927",BMS
2024-11-15,8,0,BMV
2024-11-15,9.2,0,BNW
2024-11-15,2.3,"148,878",BOT
2024-11-15,3.4,402,BQB
2024-11-15,18.2,"8,800",BRR
2024-11-15,19.6,0,BRS
2024-11-15,22.8,"1,606",BSA
2024-11-15,12.8,100,BSD
2024-11-15,11.8,0,BSG
2024-11-15,22.8,0,BSH
2024-11-15,9.5,0,BSL
2024-11-15,9.9,"2,000",BSP
2024-11-15,19.8,"4,300",BSQ
2024-11-15,18.9,"5,007,187",BSR
2024-11-15,13.6,0,BT1
2024-11-15,3.4,0,BT6
2024-11-15,5.4,2,BTB
2024-11-15,18.7,0,BTD
2024-11-15,8.9,300,BTG
2024-11-15,34.5,"1,603",BTH
2024-11-15,2.7,100,BTN
2024-11-15,13.5,"12,501",BTU
2024-11-15,12.3,100,BTV
2024-11-15,11.1,"931,043",BVB
2024-11-15,2.3,"151,000",BVG
2024-11-15,10,"1,300",BVL
2024-11-15,12.5,0,BVN
2024-11-15,12,0,BWA
2024-11-15,32.9,"2,000",BWS
2024-11-15,3.2,0,C12
2024-11-15,17.1,0,C21
2024-11-15,16.6,0,C22
2024-11-15,7.8,"669,401",C4G
2024-11-15,3.8,"34,600",C92
2024-11-15,10.9,0,CAB
2024-11-15,0.6,"5,452",CAD
2024-11-15,18.6,0,CAT
2024-11-15,9.1,3,CBI
2024-11-15,31.1,"9,341",CBS
2024-11-15,14,0,CC1
2024-11-15,12,0,CC4
2024-11-15,12.5,100,CCA
2024-11-15,18.5,0,CCC
2024-11-15,48.1,0,CCM
2024-11-15,32.5,0,CCP
2024-11-15,11.8,"1,600",CCT
2024-11-15,53.5,0,CCV
2024-11-15,2.2,0,CDG
2024-11-15,9.5,504,CDH
2024-11-15,1.8,"18,520",CDO
2024-11-15,10.9,0,CDP
2024-11-15,12.4,"1,603",CDR
2024-11-15,11.3,0,CE1
2024-11-15,9.8,0,CEG
2024-11-15,2,"161,029",CEN
2024-11-15,9.1,"2,200",CFM
2024-11-15,22,0,CFV
2024-11-15,2.8,600,CGV
2024-11-15,15.2,0,CH5
2024-11-15,7.6,0,CHC
2024-11-15,12.1,600,CHS
2024-11-15,7.4,700,CI5
2024-11-15,32.9,900,CID
2024-11-15,3.2,400,CIP
2024-11-15,3.6,0,CK8
2024-11-15,40.3,"1,903",CKA
2024-11-15,22.4,1,CKD
2024-11-15,0.5,0,CLG
2024-11-15,15.5,"123,900",CLX
2024-11-15,21.5,"1,100",CMD
2024-11-15,340,1,CMF
2024-11-15,1.1,"1,800",CMI
2024-11-15,8.8,0,CMK
2024-11-15,9.1,100,CMM
2024-11-15,65,0,CMN
2024-11-15,8.1,0,CMP
2024-11-15,14.4,"11,442",CMT
2024-11-15,13,0,CMW
2024-11-15,43.9,0,CNA
2024-11-15,31,"9,100",CNC
2024-11-15,47,0,CNN
2024-11-15,13.6,"5,242",CNT
2024-11-15,7,0,CPA
2024-11-15,0.3,0,CPH
2024-11-15,3.9,0,CPI
2024-11-15,30.5,900,CQN
2024-11-15,9.3,"7,500",CQT
2024-11-15,29,"36,801",CSI
2024-11-15,21.8,"64,325",CST
2024-11-15,7.3,0,CT3
2024-11-15,9.1,115,CT6
2023-11-23,1.4,0,CTA
2023-11-23,0.7,0,CTN
2024-11-15,30.1,300,CTW
2023-11-14,7.6,0,CTX
2024-11-15,2.5,200,CYC
2024-11-15,42.5,0,D17
2024-11-15,4.5,0,DAC
2024-11-15,1.4,0,DAG
2024-11-15,28.8,100,DAN
2024-11-15,6.3,0,DAS
2024-11-15,25.5,0,DBM
2024-11-15,11.1,0,DC1
2024-11-15,59,0,DCF
2024-11-15,12,0,DCG
2024-11-15,9.3,0,DCH
2024-11-15,4.6,200,DCR
2024-11-15,0.7,"2,564,055",DCS
2024-11-15,0.5,"20,212",DCT
2024-11-15,18.9,0,DDH
2024-11-15,1.9,"6,400",DDM
2024-11-15,7.8,"11,201",DDN
2024-11-15,17.3,"1,084,970",DDV
2024-11-15,20,"1,800",DFC
2024-11-15,1.9,"131,500",DFF
2024-11-15,5.9,"130,530",DGT
2024-11-15,8.1,"5,400",DHB
2024-11-15,27,400,DHD
2024-11-15,24,0,DHN
2024-11-15,1,"36,606",DIC
2024-11-15,4.3,800,DID
2024-11-15,0.7,0,DKC
2024-11-15,5.7,0,DLD
2024-11-15,20.7,200,DLR
2024-11-15,6.2,0,DLT
2024-11-15,20,0,DM7
2024-11-15,5.4,"10,406",DMN
2024-11-15,7.9,0,DMS
2024-11-15,21.5,100,DNA
2024-11-08,16.5,100,DND
2024-11-08,9.3,0,DNE
2024-11-08,50,0,DNH
2024-11-08,25.5,0,DNL
2024-11-08,9.1,0,DNM
2024-11-08,0.2,0,DNN
2024-11-08,35,0,DNT
2024-11-08,33.1,0,DNW
2024-11-08,11,0,DOC
2024-11-08,14,0,DOP
2024-11-08,37,"7,903",DP1
2024-11-08,2.9,0,DP2
2024-11-08,10,0,DPC
2024-11-08,50,0,DPH
2024-11-08,12.6,100,DPP
2024-11-08,0.3,0,DPS
2024-11-08,8,200,DRG
2024-11-08,11.7,"232,906",DRI
2024-11-08,20,0,DSD
2024-11-08,5.4,100,DSG
2024-11-08,13.5,"1,400",DSP
2024-11-08,12.2,100,DTB
2024-11-08,5.1,0,DTE
2024-11-08,13.6,0,DTH
2024-11-08,2.3,"2,301",DTI
2024-11-08,145,1,DTP
2024-11-08,8.1,0,DUS
2024-11-08,9.5,800,DVC
2024-11-08,1.3,"456,664",DVG
2024-11-08,22.4,"97,410",DVN
2024-11-08,20.5,0,DVW
2024-11-08,11.2,100,DWC
2024-11-08,13.5,1,DWS
2024-11-08,8.9,0,DXL
2024-11-08,2.9,0,DZM
2024-11-08,6.1,0,E12
2024-11-08,7.4,200,E29
2024-11-08,14.8,"96,517",ECO
2024-11-08,1.6,"12,969",EFI
2024-11-08,22.6,500,EIC
2024-11-08,2.6,"5,673",EIN
2024-11-08,25.3,0,EME
2024-11-08,23.5,0,EMG
2024-11-08,26.1,"25,343",EMS
2024-11-08,11.2,0,EPC
2024-11-08,16,500,EPH
2023-11-23,0.9,0,FBA
2024-11-08,3.7,0,FBC
2024-11-08,10,0,FCC
2024-11-08,8.2,100,FCS
2024-11-08,10.1,0,FGL
2024-11-08,14.1,0,FHN
2024-11-08,31.2,0,FHS
2024-11-08,14.3,"1,400",FIC
2024-11-08,3.5,0,FLC
2024-11-08,83.8,"30,969",FOC
2024-11-08,97.1,"230,480",FOX
2024-11-08,24.9,"1,500",FRC
2024-11-08,4.1,0,FRM
2024-11-08,5.9,0,FSO
2024-11-08,45,10,FT1
2024-11-08,3.7,0,FTI
2024-11-08,0.8,"47,301",FTM
2024-11-08,0.6,"10,506",G20
2024-11-08,6.7,"18,752",G36
2023-05-22,196.4,0,GAB
2024-11-08,18,0,GCB
2024-11-08,22.6,"3,500",GCF
2024-11-08,27.3,"116,616",GDA
2024-11-08,12.9,200,GER
2024-11-08,3.9,"2,201",GGG
2024-11-08,6.6,0,GH3
2024-11-08,28.5,"10,900",GHC
2024-11-08,10,0,GLC
2024-11-08,9.2,0,GLW
2024-11-08,24,100,GND
2024-11-08,3.2,"76,100",GPC
2024-11-08,22.5,17,GSM
2024-11-08,7.8,0,GTD
2024-11-08,10.3,0,GTS
2023-11-23,0.4,0,GTT
2024-11-08,78,"5,700",GVT
2024-11-08,6,200,H11
2024-11-08,10.8,0,HAC
2024-11-08,13.2,"3,062",HAF
2022-08-12,2.61,"821,500",HAI
2024-11-08,30,900,HAM
2024-11-08,10.4,"22,600",HAN
2024-11-08,3.7,528,HAV
2024-11-08,5,"642,024",HBC
2024-11-08,17.5,1,HBD
2024-11-08,5.8,100,HBH
2024-11-08,13.1,0,HC1
2024-11-08,26.5,0,HC3
2024-11-08,28,0,HCB
2024-11-08,11,0,HCI
2024-11-08,19,"5,100",HD2
2024-11-08,13.5,"13,300",HD6
2024-11-08,8.5,"8,100",HD8
2024-11-08,37.1,436,HDM
2023-11-23,0.5,0,HDO
2024-11-08,17.8,100,HDP
2024-11-08,8.3,0,HDS
2024-11-08,14,300,HDW
2024-11-08,58,0,HEC
2024-11-08,10.9,0,HEJ
2024-11-08,16.1,0,HEP
2024-11-08,47.5,0,HES
2024-11-08,8.7,200,HFB
2024-11-08,8.5,1,HFC
2024-11-08,7.4,0,HFX
2024-11-08,10.2,0,HGT
2024-11-08,1.5,"118,214",HHG
2024-11-08,0.5,0,HHN
2024-11-08,9.4,200,HIG
2024-11-08,5.8,0,HJC
2024-11-08,0.7,"41,900",HKB
2023-11-23,0.5,0,HLA
2024-11-08,305,0,HLB
2024-11-08,20,0,HLO
2024-11-08,17.5,0,HLS
2024-11-08,12.3,0,HLT
2024-11-08,16.5,0,HLY
2024-11-08,11.6,0,HMG
2024-11-08,29.7,"3,400",HMS
2024-11-08,12.5,0,HNB
2024-11-08,13.2,"4,400",HND
2024-11-08,28.6,100,HNF
2024-11-08,4.9,"1,821,320",HNG
2024-11-08,24.3,100,HNI
2024-11-08,8.7,"56,385",HNM
2024-11-08,21.2,0,HNP
2024-11-08,12,0,HNR
2024-11-08,10.5,0,HOT
2024-11-08,18.5,0,HPB
2024-11-08,22.4,500,HPD
2024-11-08,15.6,0,HPH
2024-11-08,14.8,0,HPI
2024-11-08,8.7,0,HPM
2024-11-08,78,"5,916",HPP
2024-11-08,21.5,"4,103",HPT
2024-11-08,17.1,0,HPW
2024-11-08,61.6,0,HRB
2024-11-08,33,0,HSA
2024-11-08,1.2,"3,702",HSI
2024-11-08,5.8,0,HSM
2024-11-08,10.7,0,HSP
2024-11-08,3.8,"36,900",HSV
2024-11-08,3.8,"7,119",HTE
2024-11-08,10.3,"2,101",HTM
2024-11-08,2.9,"268,816",HTP
2024-11-08,1.4,"24,432",HTT
2024-11-08,3.8,"3,300",HU3
2024-11-08,11.2,"1,100",HU4
2024-11-08,5.3,"7,800",HU6
2024-11-08,32.4,200,HUG
2024-11-08,6.1,"198,200",HVA
2023-11-23,1.4,0,HVG
2024-11-08,17,"2,400",HWS
2023-09-07,2.47,"2,215,100",IBC
2024-11-08,11.5,0,IBD
2024-11-08,26,0,ICC
2024-11-08,3.6,301,ICF
2024-11-08,6,200,ICI
2024-11-08,49.9,"10,600",ICN
2024-11-08,250.1,0,IDP
2024-11-08,26,"3,900",IFS
2024-11-08,13.8,0,IHK
2024-11-08,4,611,ILA
2024-11-08,5.8,0,ILC
2024-11-08,13,200,ILS
2024-11-08,141,0,IME
2024-11-08,80,100,IN4
2024-11-08,8.1,"14,700",ING
2024-11-08,8.7,0,IRC
2024-11-08,7,0,ISG
2024-11-08,26.1,"4,201",ISH
2024-11-08,35.8,200,IST
2024-11-08,3.7,"3,300",ITS
2024-11-08,0.9,"65,400",JOS
2023-11-23,21,0,KAC
2024-11-08,7.5,0,KCB
2024-11-08,10.5,0,KCE
2024-11-08,7,"17,700",KGM
2024-11-08,9.1,0,KHD
2023-11-23,0.8,0,KHL
2024-11-08,19.6,0,KHW
2024-11-08,11.5,104,KIP
2024-11-08,12.3,"53,203",KLB
2024-11-08,0.8,0,KLF
2024-11-08,0.4,0,KSH
2024-11-08,9,100,KTC
2024-11-08,20.5,0,KTL
2024-11-08,9.8,0,KTW
2024-11-08,1.5,"237,950",KVC
2024-11-08,4,"2,000",L12
2024-11-08,2.6,0,L35
2024-11-08,2.6,0,L43
2024-11-08,0.7,110,L44
2024-11-08,3.4,"35,000",L45
2024-11-08,1.3,"5,200",L61
2024-11-08,3.2,"25,301",L62
2024-11-08,6.7,500,L63
2024-11-08,31.8,"18,320",LAI
2024-11-08,28,0,LAW
2024-11-08,1.2,100,LCC
2024-11-08,1.1,"46,120",LCM
2024-11-08,0.9,2,LCS
2024-11-08,15.5,0,LDW
2024-11-08,7.5,99,LG9
2024-11-08,13.8,1,LGM
2024-11-08,35.3,"4,402",LIC
2024-11-08,30,200,LKW
2024-11-08,13.5,"1,700",LLM
2024-11-08,3.5,0,LM3
2024-11-08,2.2,2,LM7
2024-11-08,20.1,0,LMC
2024-11-08,1.1,"417,405",LMH
2024-11-08,9.1,"10,000",LMI
2024-11-08,10,0,LNC
2024-11-08,1.1,101,LO5
2024-11-08,7,"20,900",LPT
2024-11-08,2.2,2,LQN
2024-11-08,11.4,"50,021",LSG
2024-11-08,1.9,"104,400",LTC
2024-11-08,8,"690,568",LTG
2024-11-08,0.7,700,LUT
2024-11-08,22.4,"3,900",M10
2024-11-08,53.3,0,MA1
2024-11-08,7.9,0,MBN
2024-11-08,1.9,"112,419",MCG
2024-11-08,215.8,"31,827",MCH
2024-11-08,9,0,MDA
2024-11-08,6.6,"3,300",MDF
2024-11-08,4.6,222,MEC
2024-11-08,5.8,0,MEF
2024-11-08,10,0,MES
2024-11-08,37.3,"406,737",MFS
2024-11-08,5.8,"1,200",MGC
2024-11-08,30,0,MGG
2024-11-08,4.2,0,MGR
2024-11-08,33,"1,900",MH3
2024-11-08,3.3,0,MHL
2024-11-08,13.9,0,MIC
2024-11-08,6.4,0,MIE
2024-11-08,4.2,0,MIM
2024-11-08,28.1,200,MKP
2024-11-08,16.5,0,MLC
2024-11-08,14,"13,600",MLS
2024-11-08,25.2,"27,246",MML
2024-11-08,30.7,0,MNB
2024-11-08,11,0,MND
2024-11-08,15.9,"18,315",MPC
2024-11-08,0.6,"645,185",MPT
2024-11-08,6.9,0,MPY
2024-11-08,8.7,0,MQB
2024-11-08,20.3,0,MQN
2024-11-08,19.7,0,MRF
2024-11-08,11.8,"350,826",MSR
2024-11-08,4.6,"1,200",MTA
2024-11-08,9.8,0,MTB
2024-11-08,1.8,0,MTC
2024-11-08,7,0,MTG
2024-11-08,17.3,0,MTH
2024-11-08,5.1,0,MTL
2024-11-08,12,0,MTP
2024-11-08,9.3,0,MTS
2024-11-08,16,"1,000",MTV
2024-11-08,14,0,MTX
2024-11-08,8.3,"1,700",MVC
2024-11-08,38.1,"59,650",MVN
2024-11-12,12.6,"829,600",MZG
2024-11-08,0.7,0,NAC
2024-11-08,26.8,214,NAS
2024-11-08,9.1,200,NAU
2024-11-08,7.9,1,NAW
2024-11-08,12.2,"2,400",NBE
2024-11-08,18,611,NBT
2024-11-08,8.8,"1,400",NCG
2024-11-08,25.8,100,NCS
2024-11-08,37,"1,419",ND2
2024-11-08,129,400,NDC
2023-11-23,0.9,0,NDF
2024-11-08,25.6,0,NDP
2024-11-08,5.9,"1,200",NDT
2024-11-08,7.5,0,NDW
2024-11-08,7.1,"77,802",NED
2024-11-08,19.9,0,NEM
2024-11-08,1.8,2,NGC
2024-11-08,0.3,0,NHP
2024-11-08,0.8,"32,100",NHV
2024-11-08,15.8,100,NJC
2024-11-08,4.8,0,NLS
2024-11-08,54,0,NNT
2024-11-08,0.7,"1,201",NOS
2024-11-08,8,0,NQB
2024-11-08,13.8,0,NQN
2024-11-08,8.5,0,NQT
2024-11-08,15.4,600,NS2
2024-11-08,11,"1,101",NSG
2024-11-08,20,0,NSL
2024-11-08,3.7,0,NSS
2023-11-23,0.5,0,NTB
2024-11-08,198,"8,605",NTC
2024-11-08,17,0,NTF
2024-11-08,8.9,0,NTT
2024-11-08,19.1,50,NTW
2024-11-08,9.6,0,NUE
2024-11-08,6.8,0,NVP
2024-11-08,6.7,0,NWT
2024-11-08,5.1,400,NXT
2024-11-08,43.8,"19,300",ODE
2024-11-08,11.5,"578,305",OIL
2024-11-08,3.3,0,ONW
2024-11-08,13.2,0,PAI
2024-11-08,21.4,200,PAP
2024-11-08,3.3,"40,500",PAS
2024-11-08,93.5,"9,069",PAT
2024-11-08,6.7,"14,722",PBC
2024-11-08,11,"1,800",PBT
2024-11-08,27.2,700,PCC
2024-11-08,5,"25,914",PCF
2024-11-08,12.5,100,PCM
2024-11-08,13.5,0,PCN
2024-11-08,5,"2,101",PDC
2024-11-08,15.3,"42,660",PDV
2024-11-08,8.7,0,PEC
2024-11-08,7.4,"1,354",PEG
2024-11-08,40.1,1,PEQ
2024-11-08,2.1,"13,200",PFL
2024-11-08,16,"10,755",PGB
2024-11-08,7.2,1,PHH
2024-11-08,29.8,"661,330",PHP
2024-11-08,11.4,0,PHS
2023-11-23,2.4,0,PID
2024-11-08,9.7,0,PIS
2024-11-08,3.1,"105,200",PIV
2024-11-08,21.5,0,PJS
2024-11-08,4.4,500,PLA
2024-11-08,13.4,0,PLE
2024-11-08,3.9,"5,501",PLO
2024-11-08,18,0,PMJ
2024-11-08,7.9,0,PMT
2024-11-08,37.5,1,PMW
2024-11-08,6.7,129,PND
2024-11-08,17.6,67,PNG
2024-11-08,22.7,0,PNP
2024-11-08,6.5,2,PNT
2024-11-08,50.4,0,POB
2024-11-08,2.7,"330,240",POM
2024-11-08,20.4,"8,403",POS
2024-11-08,8.3,700,POV
2024-11-08,29.1,"17,950",PPH
2024-11-08,0.4,0,PPI
2024-11-08,4,0,PQN
2024-11-08,4.8,0,PRO
2024-11-08,10.5,0,PRT
2024-11-08,5.6,"200,896",PSB
2024-11-08,0.5,0,PSG
2024-11-08,11.4,1,PSL
2024-11-08,10.9,0,PSN
2024-11-08,12.5,"19,600",PSP
2024-11-08,2.1,0,PTE
2024-11-08,0.7,0,PTG
2024-11-08,16,0,PTH
2024-11-08,17.9,0,PTO
2024-11-08,11.6,0,PTP
2024-11-08,11.2,0,PTT
2024-11-08,4.2,"16,079",PTV
2024-11-08,0.5,0,PVA
2024-11-08,1.6,"99,391",PVE
2024-11-08,0.7,"3,642",PVH
2024-11-08,3.9,"263,955",PVL
2024-11-08,15.8,"27,500",PVM
2024-11-08,6.3,"7,011",PVO
2024-11-08,1,"73,768",PVR
2024-11-08,1.4,"9,400",PVV
2024-11-08,1.7,"1,009,556",PVX
2024-11-08,2.5,"5,782",PVY
2024-11-08,3.4,"33,300",PWA
2024-11-08,12,0,PWS
2024-11-08,10,0,PX1
2024-11-08,1.2,0,PXA
2024-11-08,0.5,0,PXC
2024-11-08,2,"30,300",PXI
2024-11-08,14.1,"73,442",PXL
2024-11-08,0.6,"26,230",PXM
2024-11-08,2.6,"121,051",PXS
2024-11-08,2.9,"24,000",PXT
2024-11-08,0.7,"765,866",QBS
2024-11-08,8.5,0,QCC
2024-11-08,34.5,"1,600",QHW
2024-11-08,6.3,0,QNC
2024-11-08,49,"443,723",QNS
2024-11-08,6.5,0,QNT
2024-11-08,9.6,0,QNU
2024-11-08,17.3,0,QNW
2024-11-08,27.6,0,QPH
2024-11-08,23.1,0,QSP
2024-11-08,13.7,"226,412",QTP
2024-11-08,14.5,0,RAT
2024-11-08,7.1,0,RBC
2024-11-08,16,0,RCC
2024-11-08,1.5,"2,000",RCD
2024-11-08,3.4,"4,401",RIC
2024-11-08,28.1,229,RTB
2024-11-08,2.5,501,S12
2024-11-08,0.7,0,S27
2024-11-08,6.6,0,S72
2024-11-08,15,0,S74
2023-11-23,0.5,0,S96
2024-11-08,12.7,"12,790",SAC
2024-11-08,1.5,0,SAL
2024-11-08,29.5,0,SAP
2024-11-08,32.7,"28,450",SAS
2024-11-08,6,0,SB1
2024-11-08,18.2,"23,700",SBB
2024-11-08,8.8,"117,646",SBD
2024-11-08,50.1,"4,759",SBH
2024-11-08,7.7,0,SBL
2024-11-08,31,0,SBM
2024-11-08,9.9,0,SBR
2024-11-08,5,"121,184",SBS
2024-11-08,1.8,700,SCC
2024-11-08,13,"3,000",SCD
2024-11-08,3.5,"4,400",SCJ
2024-11-08,27,"1,600",SCL
2024-11-08,5.6,0,SCO
2024-11-08,12,0,SCY
2023-11-23,0.7,0,SD1
2024-11-08,4.8,0,SD2
2024-11-08,5.4,900,SD3
2024-11-08,2.9,42,SD4
2024-11-08,3.1,"14,700",SD6
2024-11-08,2.9,"28,100",SD7
2023-11-23,1.6,0,SD8
2023-11-23,0.6,0,SDB
2024-11-08,1.6,21,SDD
2024-11-08,3.1,0,SDJ
2024-11-08,19.1,2,SDK
2024-11-08,1,34,SDP
2024-11-08,3.8,"13,100",SDT
2024-11-08,32.1,0,SDV
2023-11-23,1.6,0,SDX
2024-11-08,1.6,"5,115",SDY
2024-11-08,40,"1,702",SEA
2024-11-08,17.2,0,SEP
2024-11-08,12.3,"2,333",SGB
2024-11-08,14.7,100,SGI
2024-11-08,24.4,"153,329",SGP
2024-11-08,18,"3,700",SGS
2024-11-08,11.2,0,SHC
2024-11-08,2,"40,500",SHG
2024-11-08,12,500,SID
2024-11-08,7.5,0,SIG
2024-11-08,19.6,0,SII
2024-11-08,37.5,"2,000",SIV
2024-11-08,4.1,0,SJC
2024-11-13,1.7,0,SJF
2024-11-08,17.6,100,SJG
2024-11-08,6.3,"5,100",SJM
2024-11-08,25.1,"3,300",SKH
2024-11-08,7.7,0,SKN
2024-11-08,31,"17,343",SKV
2024-11-08,22,0,SNC
2024-11-08,33.5,"2,800",SNZ
2024-11-08,18,0,SP2
2024-11-08,17.7,509,SPB
2024-11-08,8,0,SPD
2024-11-08,8,0,SPH
2024-11-08,17,0,SPV
2024-11-08,11.7,0,SQC
2024-11-08,2.2,"92,003",SRB
2024-11-08,20.1,0,SSF
2024-11-08,10.2,"1,300",SSG
2024-11-08,66.9,"53,702",SSH
2024-11-08,1.3,"4,201",SSN
2024-11-08,6.2,"7,468",STH
2023-11-23,1,0,STL
2024-11-08,37,0,STS
2024-11-08,1.6,0,STT
2024-11-08,33.8,0,STW
2024-11-08,5.2,800,SVG
2024-11-08,6,0,SVH
2024-11-08,27.8,"10,000",SWC
2024-11-08,11.9,"2,000",SZE
2024-11-08,33.6,"7,800",SZG
2024-11-08,12.6,0,TA6
2024-11-08,16.7,"32,500",TAB
2024-11-08,17.5,"22,200",TAL
2024-11-08,39.7,0,TAN
2024-11-08,4,"329,834",TAR
2024-11-08,14.8,0,TAW
2024-11-08,9.9,0,TB8
2024-11-08,79.8,0,TBD
2024-11-08,13.1,0,TBH
2024-11-08,7,0,TBR
2023-11-23,3.7,0,TBT
2024-11-08,13.8,0,TBW
2024-11-08,4,0,TCJ
2024-11-08,3.9,0,TCK
2024-11-08,30.1,"31,100",TCW
2024-11-08,40.5,0,TDB
2024-11-08,13,100,TDF
2024-11-08,10.8,"1,802",TDS
2024-11-08,50,0,TED
2024-11-08,13.2,0,TEL
2024-11-08,2.3,0,TGG
2024-11-08,4.2,0,TGP
2024-11-08,3.7,101,TH1
2024-11-08,7,0,THM
2024-11-08,5.1,0,THN
2024-11-08,8.2,600,THP
2024-11-08,10.8,0,THU
2024-11-08,13.2,0,THW
2024-11-08,24.1,"3,800",TID
2024-11-08,4.5,0,TIE
2024-11-08,13.7,"8,770",TIN
2024-11-08,6.4,"83,006",TIS
2024-11-08,3.9,0,TKA
2024-11-08,1.2,0,TKC
2024-11-08,7.2,400,TL4
2024-11-08,4.7,100,TLI
2024-11-08,6.5,300,TLP
2024-11-08,13.4,0,TLT
2024-11-08,42.1,0,TMG
2024-11-08,19.5,0,TMW
2024-11-29,3.7,0,TNA
2024-11-08,10.5,0,TNB
2024-11-08,4.1,0,TNM
2024-11-08,25.9,0,TNP
2024-11-08,5,"32,036",TNS
2024-11-08,8.9,0,TNV
2024-11-08,10.5,1,TNW
2024-11-08,1.2,1,TOP
2024-11-08,68.5,"51,854",TOS
2024-11-08,21.8,0,TOW
2024-11-08,32.1,0,TPS
2024-11-08,27.4,0,TQN
2024-11-08,8.2,0,TQW
2024-11-08,15.5,0,TR1
2024-11-08,33.7,0,TRS
2024-11-08,13,0,TRT
2024-11-08,5,500,TS3
2022-05-12,3.63,0,TS4
2024-11-08,12.5,"21,500",TSA
2024-11-08,4.7,"42,600",TSD
2024-11-08,18,0,TSG
2024-11-08,27.2,0,TSJ
2024-11-08,3.4,0,TST
2024-11-08,8.1,"3,845",TT6
2023-12-01,1.83,0,TTB
2024-11-08,64.8,3,TTD
2024-11-08,19.3,1,TTG
2024-11-08,18.1,"1,666,106",TTN
2024-11-08,65,710,TTP
2024-11-08,4.5,300,TTS
2024-07-16,1.8,0,TTZ
2024-11-08,18,1,TUG
2024-11-08,21.7,"9,300",TV1
2024-11-08,7.1,0,TV6
2024-11-08,11.2,0,TVA
2024-11-08,9.7,0,TVG
2024-11-08,16.3,0,TVH
2024-11-08,11,0,TVM
2024-11-08,7.3,"235,742",TVN
2024-11-08,12.2,0,TW3
2024-11-08,7.3,0,UCT
2024-11-08,3.6,"2,600",UDC
2024-11-08,8.7,"1,500",UDJ
2024-11-08,12,0,UDL
2024-11-08,9.4,0,UEM
2024-11-08,9.4,0,UMC
2024-11-08,29.9,170,UPC
2024-11-08,8.4,0,UPH
2024-11-08,9.9,0,USC
2024-11-08,21.3,0,USD
2024-11-08,0.5,"11,000",V11
2024-11-08,0.4,0,V15
2024-11-08,9.2,"233,579",VAB
2024-11-08,46.3,0,VAV
2024-11-08,10,"20,000",VBB
2024-11-08,4.9,0,VBG
2024-11-08,9.2,0,VBH
2024-11-08,0.9,1,VC5
2024-11-08,8,0,VCE
2024-11-08,24.4,"16,200",VCP
2024-11-08,24.2,200,VCR
2024-11-08,8.4,239,VCT
2024-11-08,29,"1,000",VCW
2024-11-08,8.1,"19,700",VCX
2024-11-08,0.9,0,VDB
2024-11-08,24.8,400,VDG
2024-11-08,18.9,0,VDN
2024-11-08,22,102,VDT
2024-11-08,10,0,VE2
2024-11-08,1.9,"28,504",VE9
2024-11-08,45.6,"719,052",VEA
2024-11-08,8,"64,400",VEC
2024-11-08,202,"8,412",VEF
2024-11-08,1.4,1,VES
2024-11-08,17,"1,100",VET
2024-11-08,104.6,0,VFC
2024-11-08,12.9,0,VFR
2024-11-08,45,"9,700",VGG
2024-11-08,82.8,"2,251,890",VGI
2024-11-08,20.4,0,VGL
2024-11-08,58.7,600,VGR
2024-11-08,14,"930,276",VGT
2024-11-08,29.9,100,VGV
2024-11-08,12.7,0,VHD
2024-11-08,18.2,0,VHF
2024-11-08,1.8,"115,300",VHG
2024-11-08,3.6,"1,000",VHH
2024-11-08,4.3,0,VIE
2024-11-08,10.5,0,VIH
2024-11-08,20.4,0,VIM
2024-11-08,20.6,0,VIN
2024-11-08,5.5,0,VIR
2024-11-08,10,100,VIW
2024-11-08,1.1,"50,700",VKC
2024-11-08,0.5,0,VKP
2024-11-08,40.2,"29,900",VLB
2024-11-08,17,"76,439",VLC
2024-11-08,1.2,201,VLF
2024-11-08,9.2,"74,422",VLG
2024-11-08,1.4,0,VLP
2024-11-08,26,0,VLW
2024-11-08,3.6,0,VMA
2024-11-08,3.7,200,VMG
2024-11-08,16.8,0,VMK
2024-11-08,19,0,VMT
2024-11-08,23,"6,501",VNA
2024-11-08,10.7,"8,100",VNB
2024-11-08,1.3,"86,277",VNH
2024-11-08,8.8,0,VNI
2024-11-08,10.3,"1,800",VNP
2024-11-08,16.8,0,VNX
2024-11-08,5.8,301,VNY
2024-11-08,390,"1,761",VNZ
2024-11-08,17.8,"1,120",VOC
2024-11-08,3.4,1,VPA
2024-11-08,1.7,1,VPC
2024-11-08,16.5,"3,500",VPR
2024-11-08,9.6,0,VPW
2024-11-08,12.6,200,VQC
2024-11-08,24,"8,412",VRG
2024-11-08,6.2,"10,800",VSE
2024-11-08,31.8,"3,300",VSF
2024-11-08,2.2,1,VSG
2024-11-08,18.4,0,VSN
2024-11-08,3,"558,031",VST
2024-11-08,4,0,VTA
2024-11-08,6.6,"10,908",VTD
2024-11-08,5.2,0,VTE
2024-11-08,7.3,200,VTG
2024-11-08,4,0,VTI
2024-11-08,72,"249,899",VTK
2024-11-08,4.5,0,VTL
2024-11-08,21.8,0,VTM
2024-11-08,38.3,0,VTQ
2024-11-08,19.7,804,VTR
2024-11-08,12.3,0,VTS
2024-11-08,8,0,VTX
2024-11-08,12.5,0,VUA
2024-11-08,4.2,0,VVN
2024-11-08,17,0,VVS
2024-11-08,9.2,724,VW3
2024-11-08,19.6,0,VWS
2024-11-08,28.1,0,VXB
2024-11-08,30.6,0,VXP
2024-11-08,10.2,"13,607",VXT
2024-11-08,52,500,WSB
2024-11-08,11.5,0,WTC
2024-11-08,26.9,0,X26
2024-11-08,0.3,0,X77
2024-11-08,12.2,101,XDH
2024-11-08,17.5,0,XHC
2024-11-08,9,0,XLV
2024-11-08,6.7,"2,900",XMC
2024-11-08,5,100,XMD
2024-11-08,16.7,0,XMP
2024-11-08,5.9,100,XPH
2024-11-08,8.4,0,YBC
2024-11-08,45.6,"1,228",YTC
